{"0": 0.03854112213228291, "1": 0.0256885946382525, "2": 0.0256885946382525, "3": 0.0256885946382525, "4": 0.0256885946382525, "5": 0.0256885946382525, "6": 0.0256885946382525, "7": 0.0256885946382525, "8": 0.0256885946382525, "9": 0.0256885946382525, "10": 0.0256885946382525, "11": 0.0256885946382525, "12": 0.0256885946382525, "13": 0.0256885946382525, "14": 0.0256885946382525, "15": 0.0256885946382525, "16": 0.0256885946382525, "17": 0.0256885946382525, "18": 0.0256885946382525, "19": 0.0256885946382525, "20": 0.0256885946382525, "21": 0.0256885946382525, "22": 0.0256885946382525, "23": 0.0256885946382525, "24": 0.0256885946382525, "25": 0.0256885946382525, "26": 0.0256885946382525, "27": 0.0256885946382525, "28": 0.0256885946382525, "29": 0.0028029923676771346, "30": 0.0028029923676771346, "31": 0.005321054360548567, "32": 0.003507387970870406, "33": 0.0256885946382525, "34": 0.002829349285004366, "35": 0.002962409203853115, "36": 0.002962409203853115, "37": 0.002962409203853115, "38": 0.013833785620131782, "39": 0.0033505843091754584, "40": 0.0029156537706360747, "41": 0.0029156537706360747, "42": 0.0027791455255275006, "43": 0.0027762756395352285, "44": 0.0027762756395352285, "45": 0.0026873091737747833, "46": 0.0026873091737747833, "47": 0.0026873091737747833, "48": 0.0026873091737747833, "49": 0.0027762756395352285, "50": 0.0027791455255275006, "51": 0.004194115766191329, "52": 0.002275752258962092, "53": 0.004194115766191329, "54": 0.002275752258962092, "55": 0.0033492603254565425, "56": 0.0027143171387649335, "57": 0.002249715783467244, "58": 0.0033492603254565425, "59": 0.0033492603254565425, "60": 0.0035105490937109222, "61": 0.014981637080484982, "62": 0.0033492603254565425, "63": 0.003356560188735269, "64": 0.0033492603254565425, "65": 0.002242090086402063, "66": 0.014931294070676074, "67": 0.002242090086402063, "68": 0.002242090086402063, "69": 0.002242090086402063, "70": 0.0033492603254565425, "71": 0.0033492603254565425, "72": 0.0033492603254565425, "73": 0.0033594300747275415, "74": 0.0033492603254565425, "75": 0.003356560188735269, "76": 0.0033492603254565425, "77": 0.002249715783467244, "78": 0.0033492603254565425, "79": 0.0027143171387649335, "80": 0.002249715783467244, "81": 0.0033492603254565425, "82": 0.0027143171387649335, "83": 0.022199247494557657}